image_name,split,in_original,in_competition,image_modified,has_original_label,has_competition_label,label_status,label_change_type,num_boxes_original,num_boxes_competition
20190613_6062W_CM_11,train,True,True,False,False,True,competition_only,,,
20190613_6062W_CM_17,train,True,True,False,False,True,competition_only,,,
20190613_6062W_CM_21,train,True,True,False,False,True,competition_only,,,
20190613_6062W_CM_29,test,True,True,False,False,False,test_no_label,,,
20190613_6062W_CM_30,val,True,True,False,False,True,competition_only,,,
20190613_6062W_CM_33,train,True,True,False,False,True,competition_only,,,
20190613_6062W_CM_36,test,True,True,False,False,False,test_no_label,,,
20190613_6062W_CM_37,train,True,True,False,False,True,competition_only,,,
20190613_6062W_CM_39,val,True,True,False,True,True,modified,coordinates_changed,2.0,2.0
20190613_6062W_CM_40,train,True,True,False,False,True,competition_only,,,
20190613_6062W_CM_53,train,True,True,False,False,True,competition_only,,,
20190613_6062W_CM_57,test,True,True,False,False,False,test_no_label,,,
20190613_6062W_CM_59,train,True,True,False,False,True,competition_only,,,
20190613_6062W_CM_61,train,True,True,False,False,True,competition_only,,,
20190613_6062W_CM_66,val,True,True,False,False,True,competition_only,,,
20190613_6062W_CM_68,train,True,True,False,False,True,competition_only,,,
20190613_6062W_CM_74,train,True,True,False,False,True,competition_only,,,
20190613_6062W_CM_76,train,True,True,False,False,True,competition_only,,,
20190613_Pixel3aXL_CM_22,train,True,True,False,False,True,competition_only,,,
20190613_Pixel3aXL_CM_25,train,True,True,False,False,True,competition_only,,,
20190613_Pixel3aXL_CM_28,train,True,True,False,False,True,competition_only,,,
20190613_Pixel3aXL_CM_50,train,True,True,False,False,True,competition_only,,,
20190613_Pixel3aXL_CM_51,train,True,True,False,False,True,competition_only,,,
20190613_Pixel3aXL_CM_60,train,True,True,False,False,True,competition_only,,,
20190613_Pixel3aXL_CM_63,train,True,True,False,False,True,competition_only,,,
20190613_Pixel3aXL_CM_65,test,True,True,False,False,False,test_no_label,,,
20190613_Pixel3aXL_CM_75,train,True,True,False,False,True,competition_only,,,
20190718_iPhone7_EB_12,test,True,True,False,False,False,test_no_label,,,
20200526_iPhone8_CH_11,train,True,True,False,False,True,competition_only,,,
20200526_iPhone8_CH_14,train,True,True,False,False,True,competition_only,,,
20200526_iPhone8_CH_15,test,True,True,False,False,False,test_no_label,,,
20200526_iPhone8_CH_16,val,True,True,False,False,True,competition_only,,,
20200526_iPhone8_CH_17,test,True,True,False,False,False,test_no_label,,,
20200526_iPhone8_CH_18,train,True,True,False,False,True,competition_only,,,
20200526_iPhone8_CH_19,val,True,True,False,False,True,competition_only,,,
20200526_iPhone8_CH_23,train,True,True,False,False,True,competition_only,,,
20200526_iPhone8_CH_28,train,True,True,False,False,True,competition_only,,,
20200526_iPhone8_CH_37,val,True,True,False,True,True,modified,box_count_changed,9.0,10.0
20200526_iPhone8_CH_4,train,True,True,False,False,True,competition_only,,,
20200526_iPhone8_CH_44,val,True,True,False,True,True,modified,coordinates_changed,1.0,1.0
20200527_iPhone8_CH_21,train,True,True,False,False,True,competition_only,,,
20200527_iPhone8_CH_22,train,True,True,False,False,True,competition_only,,,
20200527_iPhone8_CH_29,train,True,True,False,False,True,competition_only,,,
20200527_iPhone8_CH_32,train,True,True,False,False,True,competition_only,,,
20200612_iPhone6_11,test,True,True,False,False,False,test_no_label,,,
20200612_iPhone6_15,train,True,True,False,False,True,competition_only,,,
20200612_iPhone6_B_2,test,True,True,False,False,False,test_no_label,,,
20200612_iPhone6_SY_108,train,True,True,False,False,True,competition_only,,,
20200612_iPhone6_SY_152,test,True,True,False,False,False,test_no_label,,,
20200612_iPhone6_SY_158,train,True,True,False,False,True,competition_only,,,
20200612_iPhone6_SY_189,train,True,True,False,False,True,competition_only,,,
20200612_iPhone6_SY_193,train,True,True,False,False,True,competition_only,,,
20200612_iPhone6_SY_204,train,True,True,False,False,True,competition_only,,,
20200612_iPhone6_SY_227,train,True,True,False,False,True,competition_only,,,
20200612_iPhone6_SY_243,val,True,True,False,False,True,competition_only,,,
20200612_iPhone6_SY_256,train,True,True,False,False,True,competition_only,,,
20200612_iPhone6_SY_36,val,True,True,False,False,True,competition_only,,,
20200612_iPhone6_SY_73,test,True,True,False,False,False,test_no_label,,,
20200612_iPhone7_EB_14,train,True,True,False,False,True,competition_only,,,
20200612_iPhone7_EB_2,val,True,True,False,False,True,competition_only,,,
20200612_iPhone7_EB_4,train,True,True,False,False,True,competition_only,,,
20200612_iPhone7_EB_5,train,True,True,False,False,True,competition_only,,,
20200612_iPhone7_EB_6,train,True,True,False,False,True,competition_only,,,
20200612_iPhoneSE_5,train,True,True,False,False,True,competition_only,,,
20200612_iPhoneSE_B_5,train,True,True,False,False,True,competition_only,,,
20200624_iPhone6_SY_100,test,True,True,False,False,False,test_no_label,,,
20200624_iPhone6_SY_101,train,True,True,False,False,True,competition_only,,,
20200624_iPhone6_SY_102,test,True,True,False,False,False,test_no_label,,,
20200624_iPhone6_SY_104,train,True,True,False,False,True,competition_only,,,
20200624_iPhone6_SY_105,train,True,True,False,False,True,competition_only,,,
20200624_iPhone6_SY_110,val,True,True,False,True,True,modified,class_changed,6.0,6.0
20200624_iPhone6_SY_116,test,True,True,False,False,False,test_no_label,,,
20200624_iPhone6_SY_117,train,True,True,False,False,True,competition_only,,,
20200624_iPhone6_SY_118,test,True,True,False,False,False,test_no_label,,,
20200624_iPhone6_SY_119,train,True,True,False,False,True,competition_only,,,
20200624_iPhone6_SY_12,train,True,True,False,False,True,competition_only,,,
20200624_iPhone6_SY_120,train,True,True,False,False,True,competition_only,,,
20200624_iPhone6_SY_121,train,True,True,False,False,True,competition_only,,,
20200624_iPhone6_SY_122,train,True,True,False,False,True,competition_only,,,
20200624_iPhone6_SY_127,train,True,True,False,False,True,competition_only,,,
20200624_iPhone6_SY_131,test,True,True,False,False,False,test_no_label,,,
20200624_iPhone6_SY_132,test,True,True,False,False,False,test_no_label,,,
20200624_iPhone6_SY_136,val,True,True,False,True,True,modified,box_count_changed,2.0,4.0
20200624_iPhone6_SY_139,train,True,True,False,False,True,competition_only,,,
20200624_iPhone6_SY_14,val,True,True,False,False,True,competition_only,,,
20200624_iPhone6_SY_140,train,True,True,False,False,True,competition_only,,,
20200624_iPhone6_SY_144,train,True,True,False,False,True,competition_only,,,
20200624_iPhone6_SY_145,train,True,True,False,False,True,competition_only,,,
20200624_iPhone6_SY_147,val,True,True,False,True,True,modified,box_count_changed,6.0,7.0
20200624_iPhone6_SY_149,test,True,True,False,False,False,test_no_label,,,
20200624_iPhone6_SY_150,train,True,True,False,False,True,competition_only,,,
20200624_iPhone6_SY_153,val,True,True,False,False,True,competition_only,,,
20200624_iPhone6_SY_154,train,True,True,False,False,True,competition_only,,,
20200624_iPhone6_SY_159,test,True,True,False,False,False,test_no_label,,,
20200624_iPhone6_SY_163,test,True,True,False,False,False,test_no_label,,,
20200624_iPhone6_SY_167,test,True,True,False,False,False,test_no_label,,,
20200624_iPhone6_SY_168,train,True,True,False,False,True,competition_only,,,
20200624_iPhone6_SY_170,train,True,True,False,False,True,competition_only,,,
20200624_iPhone6_SY_171,train,True,True,False,False,True,competition_only,,,
20200624_iPhone6_SY_176,test,True,True,False,False,False,test_no_label,,,
20200624_iPhone6_SY_181,train,True,True,False,False,True,competition_only,,,
20200624_iPhone6_SY_188,train,True,True,False,False,True,competition_only,,,
20200624_iPhone6_SY_2,val,True,True,False,False,True,competition_only,,,
20200624_iPhone6_SY_20,test,True,True,False,False,False,test_no_label,,,
20200624_iPhone6_SY_201,test,True,True,False,False,False,test_no_label,,,
20200624_iPhone6_SY_203,val,True,True,False,False,True,competition_only,,,
20200624_iPhone6_SY_209,train,True,True,False,False,True,competition_only,,,
20200624_iPhone6_SY_211,train,True,True,False,False,True,competition_only,,,
20200624_iPhone6_SY_212,train,True,True,False,False,True,competition_only,,,
20200624_iPhone6_SY_217,train,True,True,False,False,True,competition_only,,,
20200624_iPhone6_SY_222,train,True,True,False,False,True,competition_only,,,
20200624_iPhone6_SY_223,train,True,True,False,False,True,competition_only,,,
20200624_iPhone6_SY_225,test,True,True,False,False,False,test_no_label,,,
20200624_iPhone6_SY_230,train,True,True,False,False,True,competition_only,,,
20200624_iPhone6_SY_232,test,True,True,False,False,False,test_no_label,,,
20200624_iPhone6_SY_233,val,True,True,False,False,True,competition_only,,,
20200624_iPhone6_SY_234,train,True,True,False,False,True,competition_only,,,
20200624_iPhone6_SY_235,test,True,True,False,False,False,test_no_label,,,
20200624_iPhone6_SY_241,train,True,True,False,False,True,competition_only,,,
20200624_iPhone6_SY_244,train,True,True,False,False,True,competition_only,,,
20200624_iPhone6_SY_249,val,True,True,False,False,True,competition_only,,,
20200624_iPhone6_SY_253,val,True,True,False,False,True,competition_only,,,
20200624_iPhone6_SY_255,val,True,True,False,False,True,competition_only,,,
20200624_iPhone6_SY_259,train,True,True,False,False,True,competition_only,,,
20200624_iPhone6_SY_26,train,True,True,False,False,True,competition_only,,,
20200624_iPhone6_SY_260,train,True,True,False,False,True,competition_only,,,
20200624_iPhone6_SY_262,val,True,True,False,False,True,competition_only,,,
20200624_iPhone6_SY_268,test,True,True,False,False,False,test_no_label,,,
20200624_iPhone6_SY_270,train,True,True,False,False,True,competition_only,,,
20200624_iPhone6_SY_274,train,True,True,False,False,True,competition_only,,,
20200624_iPhone6_SY_279,train,True,True,False,False,True,competition_only,,,
20200624_iPhone6_SY_29,val,True,True,False,True,True,modified,box_count_changed,2.0,5.0
20200624_iPhone6_SY_30,val,True,True,False,True,True,modified,coordinates_changed,7.0,7.0
20200624_iPhone6_SY_35,train,True,True,False,False,True,competition_only,,,
20200624_iPhone6_SY_43,train,True,True,False,False,True,competition_only,,,
20200624_iPhone6_SY_44,train,True,True,False,False,True,competition_only,,,
20200624_iPhone6_SY_53,train,True,True,False,False,True,competition_only,,,
20200624_iPhone6_SY_54,train,True,True,False,False,True,competition_only,,,
20200624_iPhone6_SY_71,train,True,True,False,False,True,competition_only,,,
20200624_iPhone6_SY_72,train,True,True,False,False,True,competition_only,,,
20200624_iPhone6_SY_74,val,True,True,False,False,True,competition_only,,,
20200624_iPhone6_SY_77,test,True,True,False,False,False,test_no_label,,,
20200624_iPhone6_SY_86,test,True,True,False,False,False,test_no_label,,,
20200624_iPhone6_SY_87,train,True,True,False,False,True,competition_only,,,
20200624_iPhone6_SY_88,val,True,True,False,False,True,competition_only,,,
20200624_iPhone6_SY_91,train,True,True,False,False,True,competition_only,,,
20200624_iPhone6_SY_97,test,True,True,False,False,False,test_no_label,,,
20200624_iPhone6_SY_98,train,True,True,False,False,True,competition_only,,,
20200625_NIKOND3300_YL_100,val,True,True,False,False,True,competition_only,,,
20200625_NIKOND3300_YL_11,train,True,True,False,False,True,competition_only,,,
20200625_NIKOND3300_YL_111,train,True,True,False,False,True,competition_only,,,
20200625_NIKOND3300_YL_118,train,True,True,False,False,True,competition_only,,,
20200625_NIKOND3300_YL_120,train,True,True,False,False,True,competition_only,,,
20200625_NIKOND3300_YL_122,train,True,True,False,False,True,competition_only,,,
20200625_NIKOND3300_YL_127,train,True,True,False,False,True,competition_only,,,
20200625_NIKOND3300_YL_13,train,True,True,False,False,True,competition_only,,,
20200625_NIKOND3300_YL_130,test,True,True,False,False,False,test_no_label,,,
20200625_NIKOND3300_YL_135,train,True,True,False,False,True,competition_only,,,
20200625_NIKOND3300_YL_155,train,True,True,False,False,True,competition_only,,,
20200625_NIKOND3300_YL_158,test,True,True,False,False,False,test_no_label,,,
20200625_NIKOND3300_YL_160,val,True,True,False,True,True,modified,box_count_changed,2.0,1.0
20200625_NIKOND3300_YL_162,test,True,True,False,False,False,test_no_label,,,
20200625_NIKOND3300_YL_164,train,True,True,False,False,True,competition_only,,,
20200625_NIKOND3300_YL_171,test,True,True,False,False,False,test_no_label,,,
20200625_NIKOND3300_YL_172,train,True,True,False,False,True,competition_only,,,
20200625_NIKOND3300_YL_173,train,True,True,False,False,True,competition_only,,,
20200625_NIKOND3300_YL_175,test,True,True,False,False,False,test_no_label,,,
20200625_NIKOND3300_YL_178,test,True,True,False,False,False,test_no_label,,,
20200625_NIKOND3300_YL_181,train,True,True,False,False,True,competition_only,,,
20200625_NIKOND3300_YL_184,train,True,True,False,False,True,competition_only,,,
20200625_NIKOND3300_YL_185,train,True,True,False,False,True,competition_only,,,
20200625_NIKOND3300_YL_189,train,True,True,False,False,True,competition_only,,,
20200625_NIKOND3300_YL_192,train,True,True,False,False,True,competition_only,,,
20200625_NIKOND3300_YL_196,train,True,True,False,False,True,competition_only,,,
20200625_NIKOND3300_YL_2,train,True,True,False,False,True,competition_only,,,
20200625_NIKOND3300_YL_200,test,True,True,False,False,False,test_no_label,,,
20200625_NIKOND3300_YL_204,train,True,True,False,False,True,competition_only,,,
20200625_NIKOND3300_YL_218,train,True,True,False,False,True,competition_only,,,
20200625_NIKOND3300_YL_231,train,True,True,False,False,True,competition_only,,,
20200625_NIKOND3300_YL_24,val,True,True,False,False,True,competition_only,,,
20200625_NIKOND3300_YL_240,val,True,True,False,False,True,competition_only,,,
20200625_NIKOND3300_YL_242,train,True,True,False,False,True,competition_only,,,
20200625_NIKOND3300_YL_245,train,True,True,False,False,True,competition_only,,,
20200625_NIKOND3300_YL_247,train,True,True,False,False,True,competition_only,,,
20200625_NIKOND3300_YL_250,val,True,True,False,False,True,competition_only,,,
20200625_NIKOND3300_YL_256,train,True,True,False,False,True,competition_only,,,
20200625_NIKOND3300_YL_26,train,True,True,False,False,True,competition_only,,,
20200625_NIKOND3300_YL_261,train,True,True,False,False,True,competition_only,,,
20200625_NIKOND3300_YL_271,train,True,True,False,False,True,competition_only,,,
20200625_NIKOND3300_YL_278,train,True,True,False,False,True,competition_only,,,
20200625_NIKOND3300_YL_279,train,True,True,False,False,True,competition_only,,,
20200625_NIKOND3300_YL_286,train,True,True,False,False,True,competition_only,,,
20200625_NIKOND3300_YL_295,train,True,True,False,False,True,competition_only,,,
20200625_NIKOND3300_YL_308,train,True,True,False,False,True,competition_only,,,
20200625_NIKOND3300_YL_309,val,True,True,False,False,True,competition_only,,,
20200625_NIKOND3300_YL_312,train,True,True,False,False,True,competition_only,,,
20200625_NIKOND3300_YL_314,test,True,True,False,False,False,test_no_label,,,
20200625_NIKOND3300_YL_318,train,True,True,False,False,True,competition_only,,,
20200625_NIKOND3300_YL_322,val,True,True,False,False,True,competition_only,,,
20200625_NIKOND3300_YL_332,train,True,True,False,False,True,competition_only,,,
20200625_NIKOND3300_YL_333,val,True,True,False,False,True,competition_only,,,
20200625_NIKOND3300_YL_336,train,True,True,False,False,True,competition_only,,,
20200625_NIKOND3300_YL_337,val,True,True,False,False,True,competition_only,,,
20200625_NIKOND3300_YL_34,test,True,True,False,False,False,test_no_label,,,
20200625_NIKOND3300_YL_349,train,True,True,False,False,True,competition_only,,,
20200625_NIKOND3300_YL_351,train,True,True,False,False,True,competition_only,,,
20200625_NIKOND3300_YL_354,val,True,True,False,False,True,competition_only,,,
20200625_NIKOND3300_YL_358,val,True,True,False,False,True,competition_only,,,
20200625_NIKOND3300_YL_359,train,True,True,False,False,True,competition_only,,,
20200625_NIKOND3300_YL_37,train,True,True,False,False,True,competition_only,,,
20200625_NIKOND3300_YL_379,train,True,True,False,False,True,competition_only,,,
20200625_NIKOND3300_YL_381,train,True,True,False,False,True,competition_only,,,
20200625_NIKOND3300_YL_385,train,True,True,False,False,True,competition_only,,,
20200625_NIKOND3300_YL_387,train,True,True,False,False,True,competition_only,,,
20200625_NIKOND3300_YL_389,test,True,True,False,False,False,test_no_label,,,
20200625_NIKOND3300_YL_398,train,True,True,False,False,True,competition_only,,,
20200625_NIKOND3300_YL_401,test,True,True,False,False,False,test_no_label,,,
20200625_NIKOND3300_YL_407,test,True,True,False,False,False,test_no_label,,,
20200625_NIKOND3300_YL_427,val,True,True,False,False,True,competition_only,,,
20200625_NIKOND3300_YL_431,train,True,True,False,False,True,competition_only,,,
20200625_NIKOND3300_YL_432,test,True,True,False,False,False,test_no_label,,,
20200625_NIKOND3300_YL_434,train,True,True,False,False,True,competition_only,,,
20200625_NIKOND3300_YL_441,train,True,True,False,False,True,competition_only,,,
20200625_NIKOND3300_YL_453,test,True,True,False,False,False,test_no_label,,,
20200625_NIKOND3300_YL_459,test,True,True,False,False,False,test_no_label,,,
20200625_NIKOND3300_YL_462,test,True,True,False,False,False,test_no_label,,,
20200625_NIKOND3300_YL_466,train,True,True,False,False,True,competition_only,,,
20200625_NIKOND3300_YL_474,train,True,True,False,False,True,competition_only,,,
20200625_NIKOND3300_YL_477,test,True,True,False,False,False,test_no_label,,,
20200625_NIKOND3300_YL_48,train,True,True,False,False,True,competition_only,,,
20200625_NIKOND3300_YL_481,val,True,True,False,False,True,competition_only,,,
20200625_NIKOND3300_YL_482,train,True,True,False,False,True,competition_only,,,
20200625_NIKOND3300_YL_483,train,True,True,False,False,True,competition_only,,,
20200625_NIKOND3300_YL_490,test,True,True,False,False,False,test_no_label,,,
20200625_NIKOND3300_YL_519,test,True,True,False,False,False,test_no_label,,,
20200625_NIKOND3300_YL_527,train,True,True,False,False,True,competition_only,,,
20200625_NIKOND3300_YL_531,train,True,True,False,False,True,competition_only,,,
20200625_NIKOND3300_YL_545,train,True,True,False,False,True,competition_only,,,
20200625_NIKOND3300_YL_546,test,True,True,False,False,False,test_no_label,,,
20200625_NIKOND3300_YL_547,train,True,True,False,False,True,competition_only,,,
20200625_NIKOND3300_YL_55,train,True,True,False,False,True,competition_only,,,
20200625_NIKOND3300_YL_558,train,True,True,False,False,True,competition_only,,,
20200625_NIKOND3300_YL_561,train,True,True,False,False,True,competition_only,,,
20200625_NIKOND3300_YL_563,train,True,True,False,False,True,competition_only,,,
20200625_NIKOND3300_YL_564,train,True,True,False,False,True,competition_only,,,
20200625_NIKOND3300_YL_566,train,True,True,False,False,True,competition_only,,,
20200625_NIKOND3300_YL_569,train,True,True,False,False,True,competition_only,,,
20200625_NIKOND3300_YL_570,val,True,True,False,False,True,competition_only,,,
20200625_NIKOND3300_YL_584,train,True,True,False,False,True,competition_only,,,
20200625_NIKOND3300_YL_586,train,True,True,False,False,True,competition_only,,,
20200625_NIKOND3300_YL_614,test,True,True,False,False,False,test_no_label,,,
20200625_NIKOND3300_YL_626,train,True,True,False,False,True,competition_only,,,
20200625_NIKOND3300_YL_644,test,True,True,False,False,False,test_no_label,,,
20200625_NIKOND3300_YL_646,train,True,True,False,False,True,competition_only,,,
20200625_NIKOND3300_YL_647,train,True,True,False,False,True,competition_only,,,
20200625_NIKOND3300_YL_658,train,True,True,False,False,True,competition_only,,,
20200625_NIKOND3300_YL_678,val,True,True,False,False,True,competition_only,,,
20200625_NIKOND3300_YL_684,test,True,True,False,False,False,test_no_label,,,
20200625_NIKOND3300_YL_685,train,True,True,False,False,True,competition_only,,,
20200625_NIKOND3300_YL_696,train,True,True,False,False,True,competition_only,,,
20200625_NIKOND3300_YL_697,train,True,True,False,False,True,competition_only,,,
20200625_NIKOND3300_YL_70,train,True,True,False,False,True,competition_only,,,
20200625_NIKOND3300_YL_71,train,True,True,False,False,True,competition_only,,,
20200625_NIKOND3300_YL_718,train,True,True,False,False,True,competition_only,,,
20200625_NIKOND3300_YL_735,train,True,True,False,False,True,competition_only,,,
20200625_NIKOND3300_YL_757,train,True,True,False,False,True,competition_only,,,
20200625_NIKOND3300_YL_76,train,True,True,False,False,True,competition_only,,,
20200625_NIKOND3300_YL_762,train,True,True,False,False,True,competition_only,,,
20200625_NIKOND3300_YL_763,val,True,True,False,False,True,competition_only,,,
20200625_NIKOND3300_YL_772,test,True,True,False,False,False,test_no_label,,,
20200625_NIKOND3300_YL_774,test,True,True,False,False,False,test_no_label,,,
20200625_NIKOND3300_YL_789,test,True,True,False,False,False,test_no_label,,,
20200625_NIKOND3300_YL_794,train,True,True,False,False,True,competition_only,,,
20200625_NIKOND3300_YL_799,test,True,True,False,False,False,test_no_label,,,
20200625_NIKOND3300_YL_803,test,True,True,False,False,False,test_no_label,,,
20200625_NIKOND3300_YL_816,val,True,True,False,False,True,competition_only,,,
20200625_NIKOND3300_YL_820,test,True,True,False,False,False,test_no_label,,,
20200625_NIKOND3300_YL_821,val,True,True,False,False,True,competition_only,,,
20200625_NIKOND3300_YL_824,train,True,True,False,False,True,competition_only,,,
20200625_NIKOND3300_YL_839,train,True,True,False,False,True,competition_only,,,
20200625_NIKOND3300_YL_840,val,True,True,False,False,True,competition_only,,,
20200625_NIKOND3300_YL_844,test,True,True,False,False,False,test_no_label,,,
20200625_NIKOND3300_YL_854,train,True,True,False,False,True,competition_only,,,
20200625_NIKOND3300_YL_86,train,True,True,False,False,True,competition_only,,,
20200625_NIKOND3300_YL_873,test,True,True,False,False,False,test_no_label,,,
20200625_NIKOND3300_YL_878,val,True,True,False,False,True,competition_only,,,
20200625_NIKOND3300_YL_887,val,True,True,False,False,True,competition_only,,,
20200625_NIKOND3300_YL_889,val,True,True,False,False,True,competition_only,,,
20200625_NIKOND3300_YL_899,train,True,True,False,False,True,competition_only,,,
20200625_NIKOND3300_YL_900,train,True,True,False,False,True,competition_only,,,
20200625_NIKOND3300_YL_901,val,True,True,False,False,True,competition_only,,,
20200625_NIKOND3300_YL_903,train,True,True,False,False,True,competition_only,,,
20200625_NIKOND3300_YL_906,train,True,True,False,False,True,competition_only,,,
20200625_NIKOND3300_YL_921,train,True,True,False,False,True,competition_only,,,
20200625_NIKOND3300_YL_927,train,True,True,False,False,True,competition_only,,,
20200625_NIKOND3300_YL_930,val,True,True,False,False,True,competition_only,,,
20200625_NIKOND3300_YL_931,test,True,True,False,False,False,test_no_label,,,
20200625_NIKOND3300_YL_934,val,True,True,False,False,True,competition_only,,,
20200625_NIKOND3300_YL_935,train,True,True,False,False,True,competition_only,,,
20200625_NIKOND3300_YL_939,train,True,True,False,False,True,competition_only,,,
20200626_NIKOND3300_YL_17,test,True,True,False,False,False,test_no_label,,,
20200626_NIKOND3300_YL_319,train,True,True,False,False,True,competition_only,,,
20200626_NIKOND3300_YL_736,val,True,True,False,False,True,competition_only,,,
20200626_NIKOND3300_YL_739,train,True,True,False,False,True,competition_only,,,
20200626_NIKOND3300_YL_778,train,True,True,False,False,True,competition_only,,,
20200626_NIKOND3300_YL_850,train,True,True,False,False,True,competition_only,,,
20200626_NIKOND3300_YL_866,train,True,True,False,False,True,competition_only,,,
20200627_NIKOND3300_YL_294,train,True,True,False,False,True,competition_only,,,
20200627_NIKOND3300_YL_528,train,True,True,False,False,True,competition_only,,,
20200627_NIKOND3300_YL_635,train,True,True,False,False,True,competition_only,,,
20200627_NIKOND3300_YL_780,train,True,True,False,False,True,competition_only,,,
20200629_NIKOND3300_YL_1,train,True,True,False,False,True,competition_only,,,
20200629_NIKOND3300_YL_128,train,True,True,False,False,True,competition_only,,,
20200629_NIKOND3300_YL_186,train,True,True,False,False,True,competition_only,,,
20200629_NIKOND3300_YL_347,val,True,True,False,False,True,competition_only,,,
20200629_NIKOND3300_YL_362,train,True,True,False,False,True,competition_only,,,
20200629_NIKOND3300_YL_430,val,True,True,False,False,True,competition_only,,,
20200629_NIKOND3300_YL_521,train,True,True,False,False,True,competition_only,,,
20200629_NIKOND3300_YL_642,train,True,True,False,False,True,competition_only,,,
20200629_NIKOND3300_YL_758,train,True,True,False,False,True,competition_only,,,
20200630_CanonEOSRebelT7_KH_13,train,True,True,False,False,True,competition_only,,,
20200630_CanonEOSRebelT7_KH_16,val,True,True,False,False,True,competition_only,,,
20200630_CanonEOSRebelT7_KH_49,test,True,True,False,False,False,test_no_label,,,
20200630_CanonEOSRebelT7_KH_84,test,True,True,False,False,False,test_no_label,,,
20200702_CanonEOSRebelT7_KH_102,train,True,True,False,False,True,competition_only,,,
20200702_CanonEOSRebelT7_KH_103,train,True,True,False,False,True,competition_only,,,
20200702_CanonEOSRebelT7_KH_105,train,True,True,False,False,True,competition_only,,,
20200702_CanonEOSRebelT7_KH_37,train,True,True,False,False,True,competition_only,,,
20200702_CanonEOSRebelT7_KH_52,train,True,True,False,False,True,competition_only,,,
20200702_CanonEOSRebelT7_KH_74,train,True,True,False,False,True,competition_only,,,
20200702_CanonEOSRebelT7_KH_89,train,True,True,False,False,True,competition_only,,,
20200702_CanonEOSRebelT7_KH_95,train,True,True,False,False,True,competition_only,,,
20200702_CanonEOSRebelT7_KH_98,test,True,True,False,False,False,test_no_label,,,
20200709_CanonEOSRebelT7_KH_101,train,True,True,False,False,True,competition_only,,,
20200709_CanonEOSRebelT7_KH_64,train,True,True,False,False,True,competition_only,,,
20200710_CanonEOSRebelT7_KH_31,train,True,True,False,False,True,competition_only,,,
20200710_CanonEOSRebelT7_KH_44,val,True,True,False,False,True,competition_only,,,
20200722_CanonEOSRebelT7_KH_1,not_in_competition,True,False,False,False,False,no_label,,,
20200722_CanonEOSRebelT7_KH_109,val,True,True,False,True,True,modified,coordinates_changed,3.0,3.0
20200722_CanonEOSRebelT7_KH_110,train,True,True,False,False,True,competition_only,,,
20200722_CanonEOSRebelT7_KH_114,val,True,True,False,True,True,modified,class_changed,6.0,6.0
20200722_CanonEOSRebelT7_KH_18,val,True,True,False,False,True,competition_only,,,
20200722_CanonEOSRebelT7_KH_27,train,True,True,False,False,True,competition_only,,,
20200722_CanonEOSRebelT7_KH_28,not_in_competition,True,False,False,False,False,no_label,,,
20200722_CanonEOSRebelT7_KH_30,test,True,True,False,False,False,test_no_label,,,
20200722_CanonEOSRebelT7_KH_32,train,True,True,False,False,True,competition_only,,,
20200722_CanonEOSRebelT7_KH_4,train,True,True,False,False,True,competition_only,,,
20200722_CanonEOSRebelT7_KH_45,train,True,True,False,False,True,competition_only,,,
20200722_CanonEOSRebelT7_KH_54,test,True,True,False,False,False,test_no_label,,,
20200722_CanonEOSRebelT7_KH_6,train,True,True,False,False,True,competition_only,,,
20200722_CanonEOSRebelT7_KH_61,val,True,True,False,False,True,competition_only,,,
20200722_CanonEOSRebelT7_KH_7,train,True,True,False,False,True,competition_only,,,
20200722_CanonEOSRebelT7_KH_76,test,True,True,False,False,False,test_no_label,,,
20200722_CanonEOSRebelT7_KH_8,train,True,True,False,False,True,competition_only,,,
20200722_CanonEOSRebelT7_KH_82,val,True,True,False,False,True,competition_only,,,
20200727_iPhone6_SY_112,train,True,True,False,False,True,competition_only,,,
20200727_iPhone6_SY_114,train,True,True,False,False,True,competition_only,,,
20200727_iPhone6_SY_125,train,True,True,False,False,True,competition_only,,,
20200727_iPhone6_SY_13,train,True,True,False,False,True,competition_only,,,
20200727_iPhone6_SY_160,train,True,True,False,False,True,competition_only,,,
20200727_iPhone6_SY_164,train,True,True,False,False,True,competition_only,,,
20200727_iPhone6_SY_169,train,True,True,False,False,True,competition_only,,,
20200727_iPhone6_SY_172,train,True,True,False,False,True,competition_only,,,
20200727_iPhone6_SY_18,test,True,True,False,False,False,test_no_label,,,
20200727_iPhone6_SY_185,train,True,True,False,False,True,competition_only,,,
20200727_iPhone6_SY_195,train,True,True,False,False,True,competition_only,,,
20200727_iPhone6_SY_200,train,True,True,False,False,True,competition_only,,,
20200727_iPhone6_SY_208,test,True,True,False,False,False,test_no_label,,,
20200727_iPhone6_SY_214,val,True,True,False,False,True,competition_only,,,
20200727_iPhone6_SY_23,train,True,True,False,False,True,competition_only,,,
20200727_iPhone6_SY_237,test,True,True,False,False,False,test_no_label,,,
20200727_iPhone6_SY_238,train,True,True,False,False,True,competition_only,,,
20200727_iPhone6_SY_281,train,True,True,False,False,True,competition_only,,,
20200727_iPhone6_SY_3,test,True,True,False,False,False,test_no_label,,,
20200727_iPhone6_SY_33,val,True,True,False,True,True,modified,box_count_changed,1.0,3.0
20200727_iPhone6_SY_40,train,True,True,False,False,True,competition_only,,,
20200727_iPhone6_SY_42,train,True,True,False,False,True,competition_only,,,
20200727_iPhone6_SY_46,train,True,True,False,False,True,competition_only,,,
20200727_iPhone6_SY_48,train,True,True,False,False,True,competition_only,,,
20200727_iPhone6_SY_58,test,True,True,False,False,False,test_no_label,,,
20200727_iPhone6_SY_59,train,True,True,False,False,True,competition_only,,,
20200727_iPhone6_SY_6,train,True,True,False,False,True,competition_only,,,
20200727_iPhone6_SY_60,train,True,True,False,False,True,competition_only,,,
20200727_iPhone6_SY_93,train,True,True,False,False,True,competition_only,,,
20200819_NIKOND3300_YL_101,train,True,True,False,False,True,competition_only,,,
20200819_NIKOND3300_YL_104,val,True,True,False,False,True,competition_only,,,
20200819_NIKOND3300_YL_105,train,True,True,False,False,True,competition_only,,,
20200819_NIKOND3300_YL_106,train,True,True,False,False,True,competition_only,,,
20200819_NIKOND3300_YL_107,val,True,True,False,False,True,competition_only,,,
20200819_NIKOND3300_YL_109,train,True,True,False,False,True,competition_only,,,
20200819_NIKOND3300_YL_112,test,True,True,False,False,False,test_no_label,,,
20200819_NIKOND3300_YL_114,train,True,True,False,False,True,competition_only,,,
20200819_NIKOND3300_YL_116,val,True,True,False,False,True,competition_only,,,
20200819_NIKOND3300_YL_117,train,True,True,False,False,True,competition_only,,,
20200819_NIKOND3300_YL_12,train,True,True,False,False,True,competition_only,,,
20200819_NIKOND3300_YL_121,test,True,True,False,False,False,test_no_label,,,
20200819_NIKOND3300_YL_124,train,True,True,False,False,True,competition_only,,,
20200819_NIKOND3300_YL_125,train,True,True,False,False,True,competition_only,,,
20200819_NIKOND3300_YL_131,train,True,True,False,False,True,competition_only,,,
20200819_NIKOND3300_YL_133,val,True,True,False,False,True,competition_only,,,
20200819_NIKOND3300_YL_138,test,True,True,False,False,False,test_no_label,,,
20200819_NIKOND3300_YL_141,test,True,True,False,False,False,test_no_label,,,
20200819_NIKOND3300_YL_144,train,True,True,False,False,True,competition_only,,,
20200819_NIKOND3300_YL_146,train,True,True,False,False,True,competition_only,,,
20200819_NIKOND3300_YL_147,test,True,True,False,False,False,test_no_label,,,
20200819_NIKOND3300_YL_150,train,True,True,False,False,True,competition_only,,,
20200819_NIKOND3300_YL_151,train,True,True,False,False,True,competition_only,,,
20200819_NIKOND3300_YL_152,train,True,True,False,False,True,competition_only,,,
20200819_NIKOND3300_YL_154,train,True,True,False,False,True,competition_only,,,
20200819_NIKOND3300_YL_156,train,True,True,False,False,True,competition_only,,,
20200819_NIKOND3300_YL_16,test,True,True,False,False,False,test_no_label,,,
20200819_NIKOND3300_YL_161,val,True,True,False,False,True,competition_only,,,
20200819_NIKOND3300_YL_163,val,True,True,False,False,True,competition_only,,,
20200819_NIKOND3300_YL_174,val,True,True,False,False,True,competition_only,,,
20200819_NIKOND3300_YL_176,val,True,True,False,False,True,competition_only,,,
20200819_NIKOND3300_YL_179,train,True,True,False,False,True,competition_only,,,
20200819_NIKOND3300_YL_18,train,True,True,False,False,True,competition_only,,,
20200819_NIKOND3300_YL_180,train,True,True,False,False,True,competition_only,,,
20200819_NIKOND3300_YL_182,val,True,True,False,True,True,modified,box_count_changed,3.0,2.0
20200819_NIKOND3300_YL_188,train,True,True,False,False,True,competition_only,,,
20200819_NIKOND3300_YL_190,train,True,True,False,False,True,competition_only,,,
20200819_NIKOND3300_YL_191,train,True,True,False,False,True,competition_only,,,
20200819_NIKOND3300_YL_194,train,True,True,False,False,True,competition_only,,,
20200819_NIKOND3300_YL_195,train,True,True,False,False,True,competition_only,,,
20200819_NIKOND3300_YL_199,train,True,True,False,False,True,competition_only,,,
20200819_NIKOND3300_YL_201,train,True,True,False,False,True,competition_only,,,
20200819_NIKOND3300_YL_205,train,True,True,False,False,True,competition_only,,,
20200819_NIKOND3300_YL_207,train,True,True,False,False,True,competition_only,,,
20200819_NIKOND3300_YL_209,train,True,True,False,False,True,competition_only,,,
20200819_NIKOND3300_YL_211,val,True,True,False,False,True,competition_only,,,
20200819_NIKOND3300_YL_215,train,True,True,False,False,True,competition_only,,,
20200819_NIKOND3300_YL_216,train,True,True,False,False,True,competition_only,,,
20200819_NIKOND3300_YL_217,val,True,True,False,False,True,competition_only,,,
20200819_NIKOND3300_YL_22,train,True,True,False,False,True,competition_only,,,
20200819_NIKOND3300_YL_220,val,True,True,False,False,True,competition_only,,,
20200819_NIKOND3300_YL_221,train,True,True,False,False,True,competition_only,,,
20200819_NIKOND3300_YL_222,test,True,True,False,False,False,test_no_label,,,
20200819_NIKOND3300_YL_223,train,True,True,False,False,True,competition_only,,,
20200819_NIKOND3300_YL_224,train,True,True,False,False,True,competition_only,,,
20200819_NIKOND3300_YL_226,train,True,True,False,False,True,competition_only,,,
20200819_NIKOND3300_YL_229,train,True,True,False,False,True,competition_only,,,
20200819_NIKOND3300_YL_230,train,True,True,False,False,True,competition_only,,,
20200819_NIKOND3300_YL_232,test,True,True,False,False,False,test_no_label,,,
20200819_NIKOND3300_YL_233,train,True,True,False,False,True,competition_only,,,
20200819_NIKOND3300_YL_234,train,True,True,False,False,True,competition_only,,,
20200819_NIKOND3300_YL_236,train,True,True,False,False,True,competition_only,,,
20200819_NIKOND3300_YL_238,train,True,True,False,False,True,competition_only,,,
20200819_NIKOND3300_YL_241,train,True,True,False,False,True,competition_only,,,
20200819_NIKOND3300_YL_244,test,True,True,False,False,False,test_no_label,,,
20200819_NIKOND3300_YL_249,train,True,True,False,False,True,competition_only,,,
20200819_NIKOND3300_YL_25,train,True,True,False,False,True,competition_only,,,
20200819_NIKOND3300_YL_251,train,True,True,False,False,True,competition_only,,,
20200819_NIKOND3300_YL_252,test,True,True,False,False,False,test_no_label,,,
20200819_NIKOND3300_YL_253,train,True,True,False,False,True,competition_only,,,
20200819_NIKOND3300_YL_254,train,True,True,False,False,True,competition_only,,,
20200819_NIKOND3300_YL_257,train,True,True,False,False,True,competition_only,,,
20200819_NIKOND3300_YL_258,train,True,True,False,False,True,competition_only,,,
20200819_NIKOND3300_YL_259,val,True,True,False,False,True,competition_only,,,
20200819_NIKOND3300_YL_262,train,True,True,False,False,True,competition_only,,,
20200819_NIKOND3300_YL_265,train,True,True,False,False,True,competition_only,,,
20200819_NIKOND3300_YL_268,val,True,True,False,False,True,competition_only,,,
20200819_NIKOND3300_YL_269,train,True,True,False,False,True,competition_only,,,
20200819_NIKOND3300_YL_270,train,True,True,False,False,True,competition_only,,,
20200819_NIKOND3300_YL_272,train,True,True,False,False,True,competition_only,,,
20200819_NIKOND3300_YL_273,train,True,True,False,False,True,competition_only,,,
20200819_NIKOND3300_YL_275,train,True,True,False,False,True,competition_only,,,
20200819_NIKOND3300_YL_277,val,True,True,False,True,True,modified,box_count_changed,6.0,12.0
20200819_NIKOND3300_YL_280,train,True,True,False,False,True,competition_only,,,
20200819_NIKOND3300_YL_282,train,True,True,False,False,True,competition_only,,,
20200819_NIKOND3300_YL_283,train,True,True,False,False,True,competition_only,,,
20200819_NIKOND3300_YL_284,train,True,True,False,False,True,competition_only,,,
20200819_NIKOND3300_YL_287,train,True,True,False,False,True,competition_only,,,
20200819_NIKOND3300_YL_288,test,True,True,False,False,False,test_no_label,,,
20200819_NIKOND3300_YL_289,train,True,True,False,False,True,competition_only,,,
20200819_NIKOND3300_YL_29,val,True,True,False,False,True,competition_only,,,
20200819_NIKOND3300_YL_290,train,True,True,False,False,True,competition_only,,,
20200819_NIKOND3300_YL_291,train,True,True,False,False,True,competition_only,,,
20200819_NIKOND3300_YL_292,test,True,True,False,False,False,test_no_label,,,
20200819_NIKOND3300_YL_298,train,True,True,False,False,True,competition_only,,,
20200819_NIKOND3300_YL_3,train,True,True,False,False,True,competition_only,,,
20200819_NIKOND3300_YL_30,test,True,True,False,False,False,test_no_label,,,
20200819_NIKOND3300_YL_302,train,True,True,False,False,True,competition_only,,,
20200819_NIKOND3300_YL_305,test,True,True,False,False,False,test_no_label,,,
20200819_NIKOND3300_YL_313,train,True,True,False,False,True,competition_only,,,
20200819_NIKOND3300_YL_315,train,True,True,False,False,True,competition_only,,,
20200819_NIKOND3300_YL_316,train,True,True,False,False,True,competition_only,,,
20200819_NIKOND3300_YL_321,train,True,True,False,False,True,competition_only,,,
20200819_NIKOND3300_YL_323,train,True,True,False,False,True,competition_only,,,
20200819_NIKOND3300_YL_325,train,True,True,False,False,True,competition_only,,,
20200819_NIKOND3300_YL_327,test,True,True,False,False,False,test_no_label,,,
20200819_NIKOND3300_YL_329,train,True,True,False,False,True,competition_only,,,
20200819_NIKOND3300_YL_330,train,True,True,False,False,True,competition_only,,,
20200819_NIKOND3300_YL_338,val,True,True,False,False,True,competition_only,,,
20200819_NIKOND3300_YL_341,train,True,True,False,False,True,competition_only,,,
20200819_NIKOND3300_YL_342,train,True,True,False,False,True,competition_only,,,
20200819_NIKOND3300_YL_344,train,True,True,False,False,True,competition_only,,,
20200819_NIKOND3300_YL_345,test,True,True,False,False,False,test_no_label,,,
20200819_NIKOND3300_YL_346,test,True,True,False,False,False,test_no_label,,,
20200819_NIKOND3300_YL_35,train,True,True,False,False,True,competition_only,,,
20200819_NIKOND3300_YL_352,val,True,True,False,False,True,competition_only,,,
20200819_NIKOND3300_YL_353,train,True,True,False,False,True,competition_only,,,
20200819_NIKOND3300_YL_355,test,True,True,False,False,False,test_no_label,,,
20200819_NIKOND3300_YL_356,train,True,True,False,False,True,competition_only,,,
20200819_NIKOND3300_YL_36,train,True,True,False,False,True,competition_only,,,
20200819_NIKOND3300_YL_360,train,True,True,False,False,True,competition_only,,,
20200819_NIKOND3300_YL_361,test,True,True,False,False,False,test_no_label,,,
20200819_NIKOND3300_YL_364,val,True,True,False,False,True,competition_only,,,
20200819_NIKOND3300_YL_367,val,True,True,False,False,True,competition_only,,,
20200819_NIKOND3300_YL_369,train,True,True,False,False,True,competition_only,,,
20200819_NIKOND3300_YL_370,train,True,True,False,False,True,competition_only,,,
20200819_NIKOND3300_YL_372,val,True,True,False,False,True,competition_only,,,
20200819_NIKOND3300_YL_374,test,True,True,False,False,False,test_no_label,,,
20200819_NIKOND3300_YL_376,train,True,True,False,False,True,competition_only,,,
20200819_NIKOND3300_YL_378,train,True,True,False,False,True,competition_only,,,
20200819_NIKOND3300_YL_38,train,True,True,False,False,True,competition_only,,,
20200819_NIKOND3300_YL_380,train,True,True,False,False,True,competition_only,,,
20200819_NIKOND3300_YL_382,train,True,True,False,False,True,competition_only,,,
20200819_NIKOND3300_YL_388,val,True,True,False,False,True,competition_only,,,
20200819_NIKOND3300_YL_39,train,True,True,False,False,True,competition_only,,,
20200819_NIKOND3300_YL_392,train,True,True,False,False,True,competition_only,,,
20200819_NIKOND3300_YL_393,train,True,True,False,False,True,competition_only,,,
20200819_NIKOND3300_YL_394,train,True,True,False,False,True,competition_only,,,
20200819_NIKOND3300_YL_395,test,True,True,False,False,False,test_no_label,,,
20200819_NIKOND3300_YL_396,train,True,True,False,False,True,competition_only,,,
20200819_NIKOND3300_YL_397,train,True,True,False,False,True,competition_only,,,
20200819_NIKOND3300_YL_40,train,True,True,False,False,True,competition_only,,,
20200819_NIKOND3300_YL_400,train,True,True,False,False,True,competition_only,,,
20200819_NIKOND3300_YL_403,train,True,True,False,False,True,competition_only,,,
20200819_NIKOND3300_YL_404,test,True,True,False,False,False,test_no_label,,,
20200819_NIKOND3300_YL_410,test,True,True,False,False,False,test_no_label,,,
20200819_NIKOND3300_YL_414,train,True,True,False,False,True,competition_only,,,
20200819_NIKOND3300_YL_417,train,True,True,False,False,True,competition_only,,,
20200819_NIKOND3300_YL_418,train,True,True,False,False,True,competition_only,,,
20200819_NIKOND3300_YL_422,train,True,True,False,False,True,competition_only,,,
20200819_NIKOND3300_YL_424,test,True,True,False,False,False,test_no_label,,,
20200819_NIKOND3300_YL_429,test,True,True,False,False,False,test_no_label,,,
20200819_NIKOND3300_YL_433,train,True,True,False,False,True,competition_only,,,
20200819_NIKOND3300_YL_435,train,True,True,False,False,True,competition_only,,,
20200819_NIKOND3300_YL_436,train,True,True,False,False,True,competition_only,,,
20200819_NIKOND3300_YL_44,train,True,True,False,False,True,competition_only,,,
20200819_NIKOND3300_YL_440,train,True,True,False,False,True,competition_only,,,
20200819_NIKOND3300_YL_443,test,True,True,False,False,False,test_no_label,,,
20200819_NIKOND3300_YL_447,train,True,True,False,False,True,competition_only,,,
20200819_NIKOND3300_YL_450,train,True,True,False,False,True,competition_only,,,
20200819_NIKOND3300_YL_454,train,True,True,False,False,True,competition_only,,,
20200819_NIKOND3300_YL_456,train,True,True,False,False,True,competition_only,,,
20200819_NIKOND3300_YL_457,train,True,True,False,False,True,competition_only,,,
20200819_NIKOND3300_YL_460,test,True,True,False,False,False,test_no_label,,,
20200819_NIKOND3300_YL_467,train,True,True,False,False,True,competition_only,,,
20200819_NIKOND3300_YL_468,test,True,True,False,False,False,test_no_label,,,
20200819_NIKOND3300_YL_469,train,True,True,False,False,True,competition_only,,,
20200819_NIKOND3300_YL_47,val,True,True,False,False,True,competition_only,,,
20200819_NIKOND3300_YL_470,train,True,True,False,False,True,competition_only,,,
20200819_NIKOND3300_YL_472,train,True,True,False,False,True,competition_only,,,
20200819_NIKOND3300_YL_476,test,True,True,False,False,False,test_no_label,,,
20200819_NIKOND3300_YL_479,train,True,True,False,False,True,competition_only,,,
20200819_NIKOND3300_YL_480,train,True,True,False,False,True,competition_only,,,
20200819_NIKOND3300_YL_488,train,True,True,False,False,True,competition_only,,,
20200819_NIKOND3300_YL_492,val,True,True,False,True,True,modified,box_count_changed,9.0,10.0
20200819_NIKOND3300_YL_493,val,True,True,False,False,True,competition_only,,,
20200819_NIKOND3300_YL_494,train,True,True,False,False,True,competition_only,,,
20200819_NIKOND3300_YL_5,train,True,True,False,False,True,competition_only,,,
20200819_NIKOND3300_YL_50,train,True,True,False,False,True,competition_only,,,
20200819_NIKOND3300_YL_500,train,True,True,False,False,True,competition_only,,,
20200819_NIKOND3300_YL_502,test,True,True,False,False,False,test_no_label,,,
20200819_NIKOND3300_YL_51,val,True,True,False,False,True,competition_only,,,
20200819_NIKOND3300_YL_511,train,True,True,False,False,True,competition_only,,,
20200819_NIKOND3300_YL_512,train,True,True,False,False,True,competition_only,,,
20200819_NIKOND3300_YL_517,train,True,True,False,False,True,competition_only,,,
20200819_NIKOND3300_YL_518,val,True,True,False,False,True,competition_only,,,
20200819_NIKOND3300_YL_52,train,True,True,False,False,True,competition_only,,,
20200819_NIKOND3300_YL_522,train,True,True,False,False,True,competition_only,,,
20200819_NIKOND3300_YL_529,train,True,True,False,False,True,competition_only,,,
20200819_NIKOND3300_YL_53,test,True,True,False,False,False,test_no_label,,,
20200819_NIKOND3300_YL_530,test,True,True,False,False,False,test_no_label,,,
20200819_NIKOND3300_YL_532,train,True,True,False,False,True,competition_only,,,
20200819_NIKOND3300_YL_533,train,True,True,False,False,True,competition_only,,,
20200819_NIKOND3300_YL_534,train,True,True,False,False,True,competition_only,,,
20200819_NIKOND3300_YL_535,train,True,True,False,False,True,competition_only,,,
20200819_NIKOND3300_YL_538,train,True,True,False,False,True,competition_only,,,
20200819_NIKOND3300_YL_54,train,True,True,False,False,True,competition_only,,,
20200819_NIKOND3300_YL_540,test,True,True,False,False,False,test_no_label,,,
20200819_NIKOND3300_YL_542,train,True,True,False,False,True,competition_only,,,
20200819_NIKOND3300_YL_549,train,True,True,False,False,True,competition_only,,,
20200819_NIKOND3300_YL_550,train,True,True,False,False,True,competition_only,,,
20200819_NIKOND3300_YL_552,test,True,True,False,False,False,test_no_label,,,
20200819_NIKOND3300_YL_553,test,True,True,False,False,False,test_no_label,,,
20200819_NIKOND3300_YL_555,test,True,True,False,False,False,test_no_label,,,
20200819_NIKOND3300_YL_556,train,True,True,False,False,True,competition_only,,,
20200819_NIKOND3300_YL_557,test,True,True,False,False,False,test_no_label,,,
20200819_NIKOND3300_YL_559,train,True,True,False,False,True,competition_only,,,
20200819_NIKOND3300_YL_56,train,True,True,False,False,True,competition_only,,,
20200819_NIKOND3300_YL_560,train,True,True,False,False,True,competition_only,,,
20200819_NIKOND3300_YL_562,train,True,True,False,False,True,competition_only,,,
20200819_NIKOND3300_YL_567,test,True,True,False,False,False,test_no_label,,,
20200819_NIKOND3300_YL_57,train,True,True,False,False,True,competition_only,,,
20200819_NIKOND3300_YL_571,test,True,True,False,False,False,test_no_label,,,
20200819_NIKOND3300_YL_575,train,True,True,False,False,True,competition_only,,,
20200819_NIKOND3300_YL_580,val,True,True,False,False,True,competition_only,,,
20200819_NIKOND3300_YL_581,train,True,True,False,False,True,competition_only,,,
20200819_NIKOND3300_YL_585,train,True,True,False,False,True,competition_only,,,
20200819_NIKOND3300_YL_587,train,True,True,False,False,True,competition_only,,,
20200819_NIKOND3300_YL_59,test,True,True,False,False,False,test_no_label,,,
20200819_NIKOND3300_YL_590,train,True,True,False,False,True,competition_only,,,
20200819_NIKOND3300_YL_593,val,True,True,False,False,True,competition_only,,,
20200819_NIKOND3300_YL_594,train,True,True,False,False,True,competition_only,,,
20200819_NIKOND3300_YL_596,train,True,True,False,False,True,competition_only,,,
20200819_NIKOND3300_YL_598,val,True,True,False,True,True,modified,box_count_changed,1.0,2.0
20200819_NIKOND3300_YL_599,test,True,True,False,False,False,test_no_label,,,
20200819_NIKOND3300_YL_600,train,True,True,False,False,True,competition_only,,,
20200819_NIKOND3300_YL_604,val,True,True,False,False,True,competition_only,,,
20200819_NIKOND3300_YL_606,train,True,True,False,False,True,competition_only,,,
20200819_NIKOND3300_YL_607,train,True,True,False,False,True,competition_only,,,
20200819_NIKOND3300_YL_608,train,True,True,False,False,True,competition_only,,,
20200819_NIKOND3300_YL_610,train,True,True,False,False,True,competition_only,,,
20200819_NIKOND3300_YL_611,train,True,True,False,False,True,competition_only,,,
20200819_NIKOND3300_YL_613,train,True,True,False,False,True,competition_only,,,
20200819_NIKOND3300_YL_617,test,True,True,False,False,False,test_no_label,,,
20200819_NIKOND3300_YL_618,val,True,True,False,False,True,competition_only,,,
20200819_NIKOND3300_YL_619,train,True,True,False,False,True,competition_only,,,
20200819_NIKOND3300_YL_62,train,True,True,False,False,True,competition_only,,,
20200819_NIKOND3300_YL_622,train,True,True,False,False,True,competition_only,,,
20200819_NIKOND3300_YL_630,train,True,True,False,False,True,competition_only,,,
20200819_NIKOND3300_YL_631,test,True,True,False,False,False,test_no_label,,,
20200819_NIKOND3300_YL_632,train,True,True,False,False,True,competition_only,,,
20200819_NIKOND3300_YL_636,train,True,True,False,False,True,competition_only,,,
20200819_NIKOND3300_YL_638,val,True,True,False,True,True,modified,box_count_changed,6.0,5.0
20200819_NIKOND3300_YL_639,test,True,True,False,False,False,test_no_label,,,
20200819_NIKOND3300_YL_640,train,True,True,False,False,True,competition_only,,,
20200819_NIKOND3300_YL_643,train,True,True,False,False,True,competition_only,,,
20200819_NIKOND3300_YL_648,test,True,True,False,False,False,test_no_label,,,
20200819_NIKOND3300_YL_653,train,True,True,False,False,True,competition_only,,,
20200819_NIKOND3300_YL_655,test,True,True,False,False,False,test_no_label,,,
20200819_NIKOND3300_YL_656,train,True,True,False,False,True,competition_only,,,
20200819_NIKOND3300_YL_657,val,True,True,False,False,True,competition_only,,,
20200819_NIKOND3300_YL_659,test,True,True,False,False,False,test_no_label,,,
20200819_NIKOND3300_YL_660,train,True,True,False,False,True,competition_only,,,
20200819_NIKOND3300_YL_661,train,True,True,False,False,True,competition_only,,,
20200819_NIKOND3300_YL_663,train,True,True,False,False,True,competition_only,,,
20200819_NIKOND3300_YL_664,val,True,True,False,False,True,competition_only,,,
20200819_NIKOND3300_YL_667,val,True,True,False,False,True,competition_only,,,
20200819_NIKOND3300_YL_668,train,True,True,False,False,True,competition_only,,,
20200819_NIKOND3300_YL_670,train,True,True,False,False,True,competition_only,,,
20200819_NIKOND3300_YL_672,train,True,True,False,False,True,competition_only,,,
20200819_NIKOND3300_YL_673,train,True,True,False,False,True,competition_only,,,
20200819_NIKOND3300_YL_676,test,True,True,False,False,False,test_no_label,,,
20200819_NIKOND3300_YL_68,val,True,True,False,False,True,competition_only,,,
20200819_NIKOND3300_YL_681,train,True,True,False,False,True,competition_only,,,
20200819_NIKOND3300_YL_682,test,True,True,False,False,False,test_no_label,,,
20200819_NIKOND3300_YL_683,test,True,True,False,False,False,test_no_label,,,
20200819_NIKOND3300_YL_687,train,True,True,False,False,True,competition_only,,,
20200819_NIKOND3300_YL_689,train,True,True,False,False,True,competition_only,,,
20200819_NIKOND3300_YL_690,test,True,True,False,False,False,test_no_label,,,
20200819_NIKOND3300_YL_693,train,True,True,False,False,True,competition_only,,,
20200819_NIKOND3300_YL_698,train,True,True,False,False,True,competition_only,,,
20200819_NIKOND3300_YL_700,train,True,True,False,False,True,competition_only,,,
20200819_NIKOND3300_YL_701,train,True,True,False,False,True,competition_only,,,
20200819_NIKOND3300_YL_705,train,True,True,False,False,True,competition_only,,,
20200819_NIKOND3300_YL_707,train,True,True,False,False,True,competition_only,,,
20200819_NIKOND3300_YL_709,train,True,True,False,False,True,competition_only,,,
20200819_NIKOND3300_YL_712,val,True,True,False,False,True,competition_only,,,
20200819_NIKOND3300_YL_715,train,True,True,False,False,True,competition_only,,,
20200819_NIKOND3300_YL_717,train,True,True,False,False,True,competition_only,,,
20200819_NIKOND3300_YL_722,train,True,True,False,False,True,competition_only,,,
20200819_NIKOND3300_YL_723,test,True,True,False,False,False,test_no_label,,,
20200819_NIKOND3300_YL_729,train,True,True,False,False,True,competition_only,,,
20200819_NIKOND3300_YL_73,train,True,True,False,False,True,competition_only,,,
20200819_NIKOND3300_YL_732,val,True,True,False,False,True,competition_only,,,
20200819_NIKOND3300_YL_733,train,True,True,False,False,True,competition_only,,,
20200819_NIKOND3300_YL_734,train,True,True,False,False,True,competition_only,,,
20200819_NIKOND3300_YL_738,train,True,True,False,False,True,competition_only,,,
20200819_NIKOND3300_YL_74,train,True,True,False,False,True,competition_only,,,
20200819_NIKOND3300_YL_742,train,True,True,False,False,True,competition_only,,,
20200819_NIKOND3300_YL_745,test,True,True,False,False,False,test_no_label,,,
20200819_NIKOND3300_YL_746,val,True,True,False,False,True,competition_only,,,
20200819_NIKOND3300_YL_747,val,True,True,False,False,True,competition_only,,,
20200819_NIKOND3300_YL_749,train,True,True,False,False,True,competition_only,,,
20200819_NIKOND3300_YL_75,test,True,True,False,False,False,test_no_label,,,
20200819_NIKOND3300_YL_751,test,True,True,False,False,False,test_no_label,,,
20200819_NIKOND3300_YL_752,train,True,True,False,False,True,competition_only,,,
20200819_NIKOND3300_YL_753,val,True,True,False,False,True,competition_only,,,
20200819_NIKOND3300_YL_754,train,True,True,False,False,True,competition_only,,,
20200819_NIKOND3300_YL_760,train,True,True,False,False,True,competition_only,,,
20200819_NIKOND3300_YL_761,train,True,True,False,False,True,competition_only,,,
20200819_NIKOND3300_YL_768,train,True,True,False,False,True,competition_only,,,
20200819_NIKOND3300_YL_769,test,True,True,False,False,False,test_no_label,,,
20200819_NIKOND3300_YL_771,train,True,True,False,False,True,competition_only,,,
20200819_NIKOND3300_YL_773,val,True,True,False,False,True,competition_only,,,
20200819_NIKOND3300_YL_78,train,True,True,False,False,True,competition_only,,,
20200819_NIKOND3300_YL_785,test,True,True,False,False,False,test_no_label,,,
20200819_NIKOND3300_YL_787,test,True,True,False,False,False,test_no_label,,,
20200819_NIKOND3300_YL_788,test,True,True,False,False,False,test_no_label,,,
20200819_NIKOND3300_YL_79,train,True,True,False,False,True,competition_only,,,
20200819_NIKOND3300_YL_790,val,True,True,False,False,True,competition_only,,,
20200819_NIKOND3300_YL_791,train,True,True,False,False,True,competition_only,,,
20200819_NIKOND3300_YL_800,val,True,True,False,False,True,competition_only,,,
20200819_NIKOND3300_YL_801,train,True,True,False,False,True,competition_only,,,
20200819_NIKOND3300_YL_804,train,True,True,False,False,True,competition_only,,,
20200819_NIKOND3300_YL_805,test,True,True,False,False,False,test_no_label,,,
20200819_NIKOND3300_YL_806,test,True,True,False,False,False,test_no_label,,,
20200819_NIKOND3300_YL_808,train,True,True,False,False,True,competition_only,,,
20200819_NIKOND3300_YL_81,train,True,True,False,False,True,competition_only,,,
20200819_NIKOND3300_YL_810,train,True,True,False,False,True,competition_only,,,
20200819_NIKOND3300_YL_811,train,True,True,False,False,True,competition_only,,,
20200819_NIKOND3300_YL_812,val,True,True,False,False,True,competition_only,,,
20200819_NIKOND3300_YL_814,val,True,True,False,False,True,competition_only,,,
20200819_NIKOND3300_YL_819,train,True,True,False,False,True,competition_only,,,
20200819_NIKOND3300_YL_82,train,True,True,False,False,True,competition_only,,,
20200819_NIKOND3300_YL_823,test,True,True,False,False,False,test_no_label,,,
20200819_NIKOND3300_YL_826,train,True,True,False,False,True,competition_only,,,
20200819_NIKOND3300_YL_830,train,True,True,False,False,True,competition_only,,,
20200819_NIKOND3300_YL_831,val,True,True,False,False,True,competition_only,,,
20200819_NIKOND3300_YL_835,test,True,True,False,False,False,test_no_label,,,
20200819_NIKOND3300_YL_836,test,True,True,False,False,False,test_no_label,,,
20200819_NIKOND3300_YL_838,train,True,True,False,False,True,competition_only,,,
20200819_NIKOND3300_YL_84,train,True,True,False,False,True,competition_only,,,
20200819_NIKOND3300_YL_841,test,True,True,False,False,False,test_no_label,,,
20200819_NIKOND3300_YL_842,train,True,True,False,False,True,competition_only,,,
20200819_NIKOND3300_YL_849,train,True,True,False,False,True,competition_only,,,
20200819_NIKOND3300_YL_85,train,True,True,False,False,True,competition_only,,,
20200819_NIKOND3300_YL_853,train,True,True,False,False,True,competition_only,,,
20200819_NIKOND3300_YL_855,test,True,True,False,False,False,test_no_label,,,
20200819_NIKOND3300_YL_856,train,True,True,False,False,True,competition_only,,,
20200819_NIKOND3300_YL_857,val,True,True,False,False,True,competition_only,,,
20200819_NIKOND3300_YL_860,train,True,True,False,False,True,competition_only,,,
20200819_NIKOND3300_YL_861,train,True,True,False,False,True,competition_only,,,
20200819_NIKOND3300_YL_864,train,True,True,False,False,True,competition_only,,,
20200819_NIKOND3300_YL_865,train,True,True,False,False,True,competition_only,,,
20200819_NIKOND3300_YL_867,train,True,True,False,False,True,competition_only,,,
20200819_NIKOND3300_YL_869,val,True,True,False,False,True,competition_only,,,
20200819_NIKOND3300_YL_872,test,True,True,False,False,False,test_no_label,,,
20200819_NIKOND3300_YL_874,val,True,True,False,False,True,competition_only,,,
20200819_NIKOND3300_YL_875,val,True,True,False,False,True,competition_only,,,
20200819_NIKOND3300_YL_876,val,True,True,False,True,True,modified,coordinates_changed,1.0,1.0
20200819_NIKOND3300_YL_877,train,True,True,False,False,True,competition_only,,,
20200819_NIKOND3300_YL_879,val,True,True,False,False,True,competition_only,,,
20200819_NIKOND3300_YL_882,train,True,True,False,False,True,competition_only,,,
20200819_NIKOND3300_YL_884,test,True,True,False,False,False,test_no_label,,,
20200819_NIKOND3300_YL_886,test,True,True,False,False,False,test_no_label,,,
20200819_NIKOND3300_YL_89,test,True,True,False,False,False,test_no_label,,,
20200819_NIKOND3300_YL_891,train,True,True,False,False,True,competition_only,,,
20200819_NIKOND3300_YL_893,test,True,True,False,False,False,test_no_label,,,
20200819_NIKOND3300_YL_895,train,True,True,False,False,True,competition_only,,,
20200819_NIKOND3300_YL_898,val,True,True,False,False,True,competition_only,,,
20200819_NIKOND3300_YL_9,test,True,True,False,False,False,test_no_label,,,
20200819_NIKOND3300_YL_902,train,True,True,False,False,True,competition_only,,,
20200819_NIKOND3300_YL_905,train,True,True,False,False,True,competition_only,,,
20200819_NIKOND3300_YL_909,val,True,True,False,False,True,competition_only,,,
20200819_NIKOND3300_YL_91,train,True,True,False,False,True,competition_only,,,
20200819_NIKOND3300_YL_910,train,True,True,False,False,True,competition_only,,,
20200819_NIKOND3300_YL_911,test,True,True,False,False,False,test_no_label,,,
20200819_NIKOND3300_YL_912,train,True,True,False,False,True,competition_only,,,
20200819_NIKOND3300_YL_916,val,True,True,False,False,True,competition_only,,,
20200819_NIKOND3300_YL_917,train,True,True,False,False,True,competition_only,,,
20200819_NIKOND3300_YL_918,test,True,True,False,False,False,test_no_label,,,
20200819_NIKOND3300_YL_919,train,True,True,False,False,True,competition_only,,,
20200819_NIKOND3300_YL_92,train,True,True,False,False,True,competition_only,,,
20200819_NIKOND3300_YL_920,val,True,True,False,False,True,competition_only,,,
20200819_NIKOND3300_YL_924,test,True,True,False,False,False,test_no_label,,,
20200819_NIKOND3300_YL_929,val,True,True,False,False,True,competition_only,,,
20200819_NIKOND3300_YL_936,train,True,True,False,False,True,competition_only,,,
20200819_NIKOND3300_YL_938,train,True,True,False,False,True,competition_only,,,
20200819_NIKOND3300_YL_940,test,True,True,False,False,False,test_no_label,,,
20200819_NIKOND3300_YL_945,test,True,True,False,False,False,test_no_label,,,
20200819_NIKOND3300_YL_97,val,True,True,False,False,True,competition_only,,,
20200819_iPhone6_SY_1,train,True,True,False,False,True,competition_only,,,
20200819_iPhone6_SY_124,train,True,True,False,False,True,competition_only,,,
20200819_iPhone6_SY_129,train,True,True,False,False,True,competition_only,,,
20200819_iPhone6_SY_155,test,True,True,False,False,False,test_no_label,,,
20200819_iPhone6_SY_177,test,True,True,False,False,False,test_no_label,,,
20200819_iPhone6_SY_184,test,True,True,False,False,False,test_no_label,,,
20200819_iPhone6_SY_190,test,True,True,False,False,False,test_no_label,,,
20200819_iPhone6_SY_192,train,True,True,False,False,True,competition_only,,,
20200819_iPhone6_SY_197,train,True,True,False,False,True,competition_only,,,
20200819_iPhone6_SY_205,train,True,True,False,False,True,competition_only,,,
20200819_iPhone6_SY_229,test,True,True,False,False,False,test_no_label,,,
20200819_iPhone6_SY_231,train,True,True,False,False,True,competition_only,,,
20200819_iPhone6_SY_236,train,True,True,False,False,True,competition_only,,,
20200819_iPhone6_SY_240,train,True,True,False,False,True,competition_only,,,
20200819_iPhone6_SY_247,train,True,True,False,False,True,competition_only,,,
20200819_iPhone6_SY_251,train,True,True,False,False,True,competition_only,,,
20200819_iPhone6_SY_261,train,True,True,False,False,True,competition_only,,,
20200819_iPhone6_SY_27,train,True,True,False,False,True,competition_only,,,
20200819_iPhone6_SY_271,val,True,True,False,False,True,competition_only,,,
20200819_iPhone6_SY_280,val,True,True,False,False,True,competition_only,,,
20200819_iPhone6_SY_49,train,True,True,False,False,True,competition_only,,,
20200819_iPhone6_SY_67,test,True,True,False,False,False,test_no_label,,,
20200819_iPhone6_SY_69,train,True,True,False,False,True,competition_only,,,
20200819_iPhone6_SY_82,train,True,True,False,False,True,competition_only,,,
20200819_iPhone6_SY_85,test,True,True,False,False,False,test_no_label,,,
20200819_iPhone6_SY_95,train,True,True,False,False,True,competition_only,,,
20200819_iPhoneSE_YL_14,test,True,True,False,False,False,test_no_label,,,
20200819_iPhoneSE_YL_15,train,True,True,False,False,True,competition_only,,,
20200819_iPhoneSE_YL_166,train,True,True,False,False,True,competition_only,,,
20200819_iPhoneSE_YL_168,train,True,True,False,False,True,competition_only,,,
20200819_iPhoneSE_YL_170,train,True,True,False,False,True,competition_only,,,
20200819_iPhoneSE_YL_19,val,True,True,False,False,True,competition_only,,,
20200819_iPhoneSE_YL_266,train,True,True,False,False,True,competition_only,,,
20200819_iPhoneSE_YL_274,train,True,True,False,False,True,competition_only,,,
20200819_iPhoneSE_YL_296,train,True,True,False,False,True,competition_only,,,
20200819_iPhoneSE_YL_31,train,True,True,False,False,True,competition_only,,,
20200819_iPhoneSE_YL_368,train,True,True,False,False,True,competition_only,,,
20200819_iPhoneSE_YL_377,train,True,True,False,False,True,competition_only,,,
20200819_iPhoneSE_YL_402,train,True,True,False,False,True,competition_only,,,
20200819_iPhoneSE_YL_421,train,True,True,False,False,True,competition_only,,,
20200819_iPhoneSE_YL_446,train,True,True,False,False,True,competition_only,,,
20200819_iPhoneSE_YL_448,train,True,True,False,False,True,competition_only,,,
20200819_iPhoneSE_YL_491,train,True,True,False,False,True,competition_only,,,
20200819_iPhoneSE_YL_499,val,True,True,False,False,True,competition_only,,,
20200819_iPhoneSE_YL_504,train,True,True,False,False,True,competition_only,,,
20200819_iPhoneSE_YL_515,test,True,True,False,False,False,test_no_label,,,
20200819_iPhoneSE_YL_525,train,True,True,False,False,True,competition_only,,,
20200819_iPhoneSE_YL_536,train,True,True,False,False,True,competition_only,,,
20200819_iPhoneSE_YL_551,test,True,True,False,False,False,test_no_label,,,
20200819_iPhoneSE_YL_577,val,True,True,False,False,True,competition_only,,,
20200819_iPhoneSE_YL_58,train,True,True,False,False,True,competition_only,,,
20200819_iPhoneSE_YL_589,train,True,True,False,False,True,competition_only,,,
20200819_iPhoneSE_YL_605,train,True,True,False,False,True,competition_only,,,
20200819_iPhoneSE_YL_628,val,True,True,False,False,True,competition_only,,,
20200819_iPhoneSE_YL_633,test,True,True,False,False,False,test_no_label,,,
20200819_iPhoneSE_YL_637,train,True,True,False,False,True,competition_only,,,
20200819_iPhoneSE_YL_691,train,True,True,False,False,True,competition_only,,,
20200819_iPhoneSE_YL_699,train,True,True,False,False,True,competition_only,,,
20200819_iPhoneSE_YL_710,train,True,True,False,False,True,competition_only,,,
20200819_iPhoneSE_YL_748,train,True,True,False,False,True,competition_only,,,
20200819_iPhoneSE_YL_776,train,True,True,False,False,True,competition_only,,,
20200819_iPhoneSE_YL_795,test,True,True,False,False,False,test_no_label,,,
20200819_iPhoneSE_YL_8,train,True,True,False,False,True,competition_only,,,
20200819_iPhoneSE_YL_809,train,True,True,False,False,True,competition_only,,,
20200819_iPhoneSE_YL_825,train,True,True,False,False,True,competition_only,,,
20200819_iPhoneSE_YL_858,train,True,True,False,False,True,competition_only,,,
20200819_iPhoneSE_YL_868,val,True,True,False,False,True,competition_only,,,
20200819_iPhoneSE_YL_880,train,True,True,False,False,True,competition_only,,,
20200819_iPhoneSE_YL_883,train,True,True,False,False,True,competition_only,,,
20200823_NIKOND3300_YL_366,test,True,True,False,False,False,test_no_label,,,
20200823_NIKOND3300_YL_694,test,True,True,False,False,False,test_no_label,,,
20200823_NIKOND3300_YL_922,val,True,True,False,False,True,competition_only,,,
20200823_iPhoneSE_YL_177,val,True,True,False,False,True,competition_only,,,
20200910_NIKOND3300_YL_307,test,True,True,False,False,False,test_no_label,,,
20200910_NIKOND3300_YL_716,train,True,True,False,False,True,competition_only,,,
20200911_NIKOND3300_YL_10,test,True,True,False,False,False,test_no_label,,,
20200911_NIKOND3300_YL_890,val,True,True,False,False,True,competition_only,,,
2020612_Phone_F_1,test,True,True,False,False,False,test_no_label,,,
2020612_Phone_SY_15,train,True,True,False,False,True,competition_only,,,
2020612_Phone_SY_228,train,True,True,False,False,True,competition_only,,,
2020706_Phone_10,not_in_competition,True,False,False,False,False,no_label,,,
2020706_Phone_14,test,True,True,False,False,False,test_no_label,,,
2020706_Phone_9,train,True,True,False,False,True,competition_only,,,
